<?xml version="1.0" encoding="UTF-8"?>
<root>
  <item name="com.android.chileaf.bluetooth.connect.BleManager com.android.chileaf.bluetooth.connect.ConnectRequest connect(android.bluetooth.BluetoothDevice, int) 1">
    <annotation name="androidx.annotation.IntDef">
      <val name="flag" val="true" />
      <val name="value" val="{com.android.chileaf.bluetooth.connect.PhyRequest.PHY_LE_1M_MASK, com.android.chileaf.bluetooth.connect.PhyRequest.PHY_LE_2M_MASK, com.android.chileaf.bluetooth.connect.PhyRequest.PHY_LE_CODED_MASK}" />
    </annotation>
  </item>
  <item name="com.android.chileaf.bluetooth.connect.BleManager com.android.chileaf.bluetooth.connect.ConnectionPriorityRequest requestConnectionPriority(int) 0">
    <annotation name="androidx.annotation.IntDef">
      <val name="value" val="{com.android.chileaf.bluetooth.connect.ConnectionPriorityRequest.CONNECTION_PRIORITY_BALANCED, com.android.chileaf.bluetooth.connect.ConnectionPriorityRequest.CONNECTION_PRIORITY_HIGH, com.android.chileaf.bluetooth.connect.ConnectionPriorityRequest.CONNECTION_PRIORITY_LOW_POWER}" />
    </annotation>
  </item>
  <item name="com.android.chileaf.bluetooth.connect.BleManager com.android.chileaf.bluetooth.connect.PhyRequest setPreferredPhy(int, int, int) 0">
    <annotation name="androidx.annotation.IntDef">
      <val name="flag" val="true" />
      <val name="value" val="{com.android.chileaf.bluetooth.connect.PhyRequest.PHY_LE_1M_MASK, com.android.chileaf.bluetooth.connect.PhyRequest.PHY_LE_2M_MASK, com.android.chileaf.bluetooth.connect.PhyRequest.PHY_LE_CODED_MASK}" />
    </annotation>
  </item>
  <item name="com.android.chileaf.bluetooth.connect.BleManager com.android.chileaf.bluetooth.connect.PhyRequest setPreferredPhy(int, int, int) 1">
    <annotation name="androidx.annotation.IntDef">
      <val name="flag" val="true" />
      <val name="value" val="{com.android.chileaf.bluetooth.connect.PhyRequest.PHY_LE_1M_MASK, com.android.chileaf.bluetooth.connect.PhyRequest.PHY_LE_2M_MASK, com.android.chileaf.bluetooth.connect.PhyRequest.PHY_LE_CODED_MASK}" />
    </annotation>
  </item>
  <item name="com.android.chileaf.bluetooth.connect.BleManager com.android.chileaf.bluetooth.connect.PhyRequest setPreferredPhy(int, int, int) 2">
    <annotation name="androidx.annotation.IntDef">
      <val name="value" val="{com.android.chileaf.bluetooth.connect.PhyRequest.PHY_OPTION_NO_PREFERRED, com.android.chileaf.bluetooth.connect.PhyRequest.PHY_OPTION_S2, com.android.chileaf.bluetooth.connect.PhyRequest.PHY_OPTION_S8}" />
    </annotation>
  </item>
  <item name="com.android.chileaf.bluetooth.connect.BleManager int getConnectionState()">
    <annotation name="androidx.annotation.IntDef">
      <val name="value" val="{android.bluetooth.BluetoothProfile.STATE_DISCONNECTED, android.bluetooth.BluetoothProfile.STATE_CONNECTING, android.bluetooth.BluetoothProfile.STATE_CONNECTED, android.bluetooth.BluetoothProfile.STATE_DISCONNECTING}" />
    </annotation>
  </item>
  <item name="com.android.chileaf.bluetooth.connect.BleManager void onPairingRequestReceived(android.bluetooth.BluetoothDevice, int) 1">
    <annotation name="androidx.annotation.IntDef">
      <val name="value" val="{com.android.chileaf.bluetooth.connect.BleManager.PAIRING_VARIANT_PIN, com.android.chileaf.bluetooth.connect.BleManager.PAIRING_VARIANT_PASSKEY, com.android.chileaf.bluetooth.connect.BleManager.PAIRING_VARIANT_PASSKEY_CONFIRMATION, com.android.chileaf.bluetooth.connect.BleManager.PAIRING_VARIANT_CONSENT, com.android.chileaf.bluetooth.connect.BleManager.PAIRING_VARIANT_DISPLAY_PASSKEY, com.android.chileaf.bluetooth.connect.BleManager.PAIRING_VARIANT_DISPLAY_PIN, com.android.chileaf.bluetooth.connect.BleManager.PAIRING_VARIANT_OOB_CONSENT}" />
    </annotation>
  </item>
  <item name="com.android.chileaf.bluetooth.connect.BleManagerHandler boolean internalRequestConnectionPriority(int) 0">
    <annotation name="androidx.annotation.IntDef">
      <val name="value" val="{com.android.chileaf.bluetooth.connect.ConnectionPriorityRequest.CONNECTION_PRIORITY_BALANCED, com.android.chileaf.bluetooth.connect.ConnectionPriorityRequest.CONNECTION_PRIORITY_HIGH, com.android.chileaf.bluetooth.connect.ConnectionPriorityRequest.CONNECTION_PRIORITY_LOW_POWER}" />
    </annotation>
  </item>
  <item name="com.android.chileaf.bluetooth.connect.BleManagerHandler boolean internalSetPreferredPhy(int, int, int) 0">
    <annotation name="androidx.annotation.IntDef">
      <val name="flag" val="true" />
      <val name="value" val="{com.android.chileaf.bluetooth.connect.PhyRequest.PHY_LE_1M_MASK, com.android.chileaf.bluetooth.connect.PhyRequest.PHY_LE_2M_MASK, com.android.chileaf.bluetooth.connect.PhyRequest.PHY_LE_CODED_MASK}" />
    </annotation>
  </item>
  <item name="com.android.chileaf.bluetooth.connect.BleManagerHandler boolean internalSetPreferredPhy(int, int, int) 1">
    <annotation name="androidx.annotation.IntDef">
      <val name="flag" val="true" />
      <val name="value" val="{com.android.chileaf.bluetooth.connect.PhyRequest.PHY_LE_1M_MASK, com.android.chileaf.bluetooth.connect.PhyRequest.PHY_LE_2M_MASK, com.android.chileaf.bluetooth.connect.PhyRequest.PHY_LE_CODED_MASK}" />
    </annotation>
  </item>
  <item name="com.android.chileaf.bluetooth.connect.BleManagerHandler boolean internalSetPreferredPhy(int, int, int) 2">
    <annotation name="androidx.annotation.IntDef">
      <val name="value" val="{com.android.chileaf.bluetooth.connect.PhyRequest.PHY_OPTION_NO_PREFERRED, com.android.chileaf.bluetooth.connect.PhyRequest.PHY_OPTION_S2, com.android.chileaf.bluetooth.connect.PhyRequest.PHY_OPTION_S8}" />
    </annotation>
  </item>
  <item name="com.android.chileaf.bluetooth.connect.BleManagerHandler connectionState">
    <annotation name="androidx.annotation.IntDef">
      <val name="value" val="{android.bluetooth.BluetoothProfile.STATE_DISCONNECTED, android.bluetooth.BluetoothProfile.STATE_CONNECTING, android.bluetooth.BluetoothProfile.STATE_CONNECTED, android.bluetooth.BluetoothProfile.STATE_DISCONNECTING}" />
    </annotation>
  </item>
  <item name="com.android.chileaf.bluetooth.connect.BleManagerHandler int getConnectionState()">
    <annotation name="androidx.annotation.IntDef">
      <val name="value" val="{android.bluetooth.BluetoothProfile.STATE_DISCONNECTED, android.bluetooth.BluetoothProfile.STATE_CONNECTING, android.bluetooth.BluetoothProfile.STATE_CONNECTED, android.bluetooth.BluetoothProfile.STATE_DISCONNECTING}" />
    </annotation>
  </item>
  <item name="com.android.chileaf.bluetooth.connect.BleServerManager android.bluetooth.BluetoothGattCharacteristic characteristic(java.util.UUID, int, int, android.bluetooth.BluetoothGattDescriptor...) 1">
    <annotation name="androidx.annotation.IntDef">
      <val name="flag" val="true" />
      <val name="value" val="{android.bluetooth.BluetoothGattCharacteristic.PROPERTY_READ, android.bluetooth.BluetoothGattCharacteristic.PROPERTY_WRITE, android.bluetooth.BluetoothGattCharacteristic.PROPERTY_WRITE_NO_RESPONSE, android.bluetooth.BluetoothGattCharacteristic.PROPERTY_NOTIFY, android.bluetooth.BluetoothGattCharacteristic.PROPERTY_INDICATE, android.bluetooth.BluetoothGattCharacteristic.PROPERTY_EXTENDED_PROPS, android.bluetooth.BluetoothGattCharacteristic.PROPERTY_SIGNED_WRITE, android.bluetooth.BluetoothGattCharacteristic.PROPERTY_BROADCAST}" />
    </annotation>
  </item>
  <item name="com.android.chileaf.bluetooth.connect.BleServerManager android.bluetooth.BluetoothGattCharacteristic characteristic(java.util.UUID, int, int, android.bluetooth.BluetoothGattDescriptor...) 2">
    <annotation name="androidx.annotation.IntDef">
      <val name="flag" val="true" />
      <val name="value" val="{android.bluetooth.BluetoothGattCharacteristic.PERMISSION_READ, android.bluetooth.BluetoothGattCharacteristic.PERMISSION_WRITE, android.bluetooth.BluetoothGattCharacteristic.PERMISSION_READ_ENCRYPTED, android.bluetooth.BluetoothGattCharacteristic.PERMISSION_WRITE_ENCRYPTED, android.bluetooth.BluetoothGattCharacteristic.PERMISSION_READ_ENCRYPTED_MITM, android.bluetooth.BluetoothGattCharacteristic.PERMISSION_WRITE_ENCRYPTED_MITM, android.bluetooth.BluetoothGattCharacteristic.PERMISSION_WRITE_SIGNED, android.bluetooth.BluetoothGattCharacteristic.PERMISSION_WRITE_SIGNED_MITM}" />
    </annotation>
  </item>
  <item name="com.android.chileaf.bluetooth.connect.BleServerManager android.bluetooth.BluetoothGattCharacteristic characteristic(java.util.UUID, int, int, byte[], android.bluetooth.BluetoothGattDescriptor...) 1">
    <annotation name="androidx.annotation.IntDef">
      <val name="flag" val="true" />
      <val name="value" val="{android.bluetooth.BluetoothGattCharacteristic.PROPERTY_READ, android.bluetooth.BluetoothGattCharacteristic.PROPERTY_WRITE, android.bluetooth.BluetoothGattCharacteristic.PROPERTY_WRITE_NO_RESPONSE, android.bluetooth.BluetoothGattCharacteristic.PROPERTY_NOTIFY, android.bluetooth.BluetoothGattCharacteristic.PROPERTY_INDICATE, android.bluetooth.BluetoothGattCharacteristic.PROPERTY_EXTENDED_PROPS, android.bluetooth.BluetoothGattCharacteristic.PROPERTY_SIGNED_WRITE, android.bluetooth.BluetoothGattCharacteristic.PROPERTY_BROADCAST}" />
    </annotation>
  </item>
  <item name="com.android.chileaf.bluetooth.connect.BleServerManager android.bluetooth.BluetoothGattCharacteristic characteristic(java.util.UUID, int, int, byte[], android.bluetooth.BluetoothGattDescriptor...) 2">
    <annotation name="androidx.annotation.IntDef">
      <val name="flag" val="true" />
      <val name="value" val="{android.bluetooth.BluetoothGattCharacteristic.PERMISSION_READ, android.bluetooth.BluetoothGattCharacteristic.PERMISSION_WRITE, android.bluetooth.BluetoothGattCharacteristic.PERMISSION_READ_ENCRYPTED, android.bluetooth.BluetoothGattCharacteristic.PERMISSION_WRITE_ENCRYPTED, android.bluetooth.BluetoothGattCharacteristic.PERMISSION_READ_ENCRYPTED_MITM, android.bluetooth.BluetoothGattCharacteristic.PERMISSION_WRITE_ENCRYPTED_MITM, android.bluetooth.BluetoothGattCharacteristic.PERMISSION_WRITE_SIGNED, android.bluetooth.BluetoothGattCharacteristic.PERMISSION_WRITE_SIGNED_MITM}" />
    </annotation>
  </item>
  <item name="com.android.chileaf.bluetooth.connect.BleServerManager android.bluetooth.BluetoothGattCharacteristic characteristic(java.util.UUID, int, int, com.android.chileaf.bluetooth.connect.data.Data, android.bluetooth.BluetoothGattDescriptor...) 1">
    <annotation name="androidx.annotation.IntDef">
      <val name="flag" val="true" />
      <val name="value" val="{android.bluetooth.BluetoothGattCharacteristic.PROPERTY_READ, android.bluetooth.BluetoothGattCharacteristic.PROPERTY_WRITE, android.bluetooth.BluetoothGattCharacteristic.PROPERTY_WRITE_NO_RESPONSE, android.bluetooth.BluetoothGattCharacteristic.PROPERTY_NOTIFY, android.bluetooth.BluetoothGattCharacteristic.PROPERTY_INDICATE, android.bluetooth.BluetoothGattCharacteristic.PROPERTY_EXTENDED_PROPS, android.bluetooth.BluetoothGattCharacteristic.PROPERTY_SIGNED_WRITE, android.bluetooth.BluetoothGattCharacteristic.PROPERTY_BROADCAST}" />
    </annotation>
  </item>
  <item name="com.android.chileaf.bluetooth.connect.BleServerManager android.bluetooth.BluetoothGattCharacteristic characteristic(java.util.UUID, int, int, com.android.chileaf.bluetooth.connect.data.Data, android.bluetooth.BluetoothGattDescriptor...) 2">
    <annotation name="androidx.annotation.IntDef">
      <val name="flag" val="true" />
      <val name="value" val="{android.bluetooth.BluetoothGattCharacteristic.PERMISSION_READ, android.bluetooth.BluetoothGattCharacteristic.PERMISSION_WRITE, android.bluetooth.BluetoothGattCharacteristic.PERMISSION_READ_ENCRYPTED, android.bluetooth.BluetoothGattCharacteristic.PERMISSION_WRITE_ENCRYPTED, android.bluetooth.BluetoothGattCharacteristic.PERMISSION_READ_ENCRYPTED_MITM, android.bluetooth.BluetoothGattCharacteristic.PERMISSION_WRITE_ENCRYPTED_MITM, android.bluetooth.BluetoothGattCharacteristic.PERMISSION_WRITE_SIGNED, android.bluetooth.BluetoothGattCharacteristic.PERMISSION_WRITE_SIGNED_MITM}" />
    </annotation>
  </item>
  <item name="com.android.chileaf.bluetooth.connect.BleServerManager android.bluetooth.BluetoothGattCharacteristic sharedCharacteristic(java.util.UUID, int, int, android.bluetooth.BluetoothGattDescriptor...) 1">
    <annotation name="androidx.annotation.IntDef">
      <val name="flag" val="true" />
      <val name="value" val="{android.bluetooth.BluetoothGattCharacteristic.PROPERTY_READ, android.bluetooth.BluetoothGattCharacteristic.PROPERTY_WRITE, android.bluetooth.BluetoothGattCharacteristic.PROPERTY_WRITE_NO_RESPONSE, android.bluetooth.BluetoothGattCharacteristic.PROPERTY_NOTIFY, android.bluetooth.BluetoothGattCharacteristic.PROPERTY_INDICATE, android.bluetooth.BluetoothGattCharacteristic.PROPERTY_EXTENDED_PROPS, android.bluetooth.BluetoothGattCharacteristic.PROPERTY_SIGNED_WRITE, android.bluetooth.BluetoothGattCharacteristic.PROPERTY_BROADCAST}" />
    </annotation>
  </item>
  <item name="com.android.chileaf.bluetooth.connect.BleServerManager android.bluetooth.BluetoothGattCharacteristic sharedCharacteristic(java.util.UUID, int, int, android.bluetooth.BluetoothGattDescriptor...) 2">
    <annotation name="androidx.annotation.IntDef">
      <val name="flag" val="true" />
      <val name="value" val="{android.bluetooth.BluetoothGattCharacteristic.PERMISSION_READ, android.bluetooth.BluetoothGattCharacteristic.PERMISSION_WRITE, android.bluetooth.BluetoothGattCharacteristic.PERMISSION_READ_ENCRYPTED, android.bluetooth.BluetoothGattCharacteristic.PERMISSION_WRITE_ENCRYPTED, android.bluetooth.BluetoothGattCharacteristic.PERMISSION_READ_ENCRYPTED_MITM, android.bluetooth.BluetoothGattCharacteristic.PERMISSION_WRITE_ENCRYPTED_MITM, android.bluetooth.BluetoothGattCharacteristic.PERMISSION_WRITE_SIGNED, android.bluetooth.BluetoothGattCharacteristic.PERMISSION_WRITE_SIGNED_MITM}" />
    </annotation>
  </item>
  <item name="com.android.chileaf.bluetooth.connect.BleServerManager android.bluetooth.BluetoothGattCharacteristic sharedCharacteristic(java.util.UUID, int, int, byte[], android.bluetooth.BluetoothGattDescriptor...) 1">
    <annotation name="androidx.annotation.IntDef">
      <val name="flag" val="true" />
      <val name="value" val="{android.bluetooth.BluetoothGattCharacteristic.PROPERTY_READ, android.bluetooth.BluetoothGattCharacteristic.PROPERTY_WRITE, android.bluetooth.BluetoothGattCharacteristic.PROPERTY_WRITE_NO_RESPONSE, android.bluetooth.BluetoothGattCharacteristic.PROPERTY_NOTIFY, android.bluetooth.BluetoothGattCharacteristic.PROPERTY_INDICATE, android.bluetooth.BluetoothGattCharacteristic.PROPERTY_EXTENDED_PROPS, android.bluetooth.BluetoothGattCharacteristic.PROPERTY_SIGNED_WRITE, android.bluetooth.BluetoothGattCharacteristic.PROPERTY_BROADCAST}" />
    </annotation>
  </item>
  <item name="com.android.chileaf.bluetooth.connect.BleServerManager android.bluetooth.BluetoothGattCharacteristic sharedCharacteristic(java.util.UUID, int, int, byte[], android.bluetooth.BluetoothGattDescriptor...) 2">
    <annotation name="androidx.annotation.IntDef">
      <val name="flag" val="true" />
      <val name="value" val="{android.bluetooth.BluetoothGattCharacteristic.PERMISSION_READ, android.bluetooth.BluetoothGattCharacteristic.PERMISSION_WRITE, android.bluetooth.BluetoothGattCharacteristic.PERMISSION_READ_ENCRYPTED, android.bluetooth.BluetoothGattCharacteristic.PERMISSION_WRITE_ENCRYPTED, android.bluetooth.BluetoothGattCharacteristic.PERMISSION_READ_ENCRYPTED_MITM, android.bluetooth.BluetoothGattCharacteristic.PERMISSION_WRITE_ENCRYPTED_MITM, android.bluetooth.BluetoothGattCharacteristic.PERMISSION_WRITE_SIGNED, android.bluetooth.BluetoothGattCharacteristic.PERMISSION_WRITE_SIGNED_MITM}" />
    </annotation>
  </item>
  <item name="com.android.chileaf.bluetooth.connect.BleServerManager android.bluetooth.BluetoothGattCharacteristic sharedCharacteristic(java.util.UUID, int, int, com.android.chileaf.bluetooth.connect.data.Data, android.bluetooth.BluetoothGattDescriptor...) 1">
    <annotation name="androidx.annotation.IntDef">
      <val name="flag" val="true" />
      <val name="value" val="{android.bluetooth.BluetoothGattCharacteristic.PROPERTY_READ, android.bluetooth.BluetoothGattCharacteristic.PROPERTY_WRITE, android.bluetooth.BluetoothGattCharacteristic.PROPERTY_WRITE_NO_RESPONSE, android.bluetooth.BluetoothGattCharacteristic.PROPERTY_NOTIFY, android.bluetooth.BluetoothGattCharacteristic.PROPERTY_INDICATE, android.bluetooth.BluetoothGattCharacteristic.PROPERTY_EXTENDED_PROPS, android.bluetooth.BluetoothGattCharacteristic.PROPERTY_SIGNED_WRITE, android.bluetooth.BluetoothGattCharacteristic.PROPERTY_BROADCAST}" />
    </annotation>
  </item>
  <item name="com.android.chileaf.bluetooth.connect.BleServerManager android.bluetooth.BluetoothGattCharacteristic sharedCharacteristic(java.util.UUID, int, int, com.android.chileaf.bluetooth.connect.data.Data, android.bluetooth.BluetoothGattDescriptor...) 2">
    <annotation name="androidx.annotation.IntDef">
      <val name="flag" val="true" />
      <val name="value" val="{android.bluetooth.BluetoothGattCharacteristic.PERMISSION_READ, android.bluetooth.BluetoothGattCharacteristic.PERMISSION_WRITE, android.bluetooth.BluetoothGattCharacteristic.PERMISSION_READ_ENCRYPTED, android.bluetooth.BluetoothGattCharacteristic.PERMISSION_WRITE_ENCRYPTED, android.bluetooth.BluetoothGattCharacteristic.PERMISSION_READ_ENCRYPTED_MITM, android.bluetooth.BluetoothGattCharacteristic.PERMISSION_WRITE_ENCRYPTED_MITM, android.bluetooth.BluetoothGattCharacteristic.PERMISSION_WRITE_SIGNED, android.bluetooth.BluetoothGattCharacteristic.PERMISSION_WRITE_SIGNED_MITM}" />
    </annotation>
  </item>
  <item name="com.android.chileaf.bluetooth.connect.BleServerManager android.bluetooth.BluetoothGattDescriptor descriptor(java.util.UUID, int, byte[]) 1">
    <annotation name="androidx.annotation.IntDef">
      <val name="flag" val="true" />
      <val name="value" val="{android.bluetooth.BluetoothGattDescriptor.PERMISSION_READ, android.bluetooth.BluetoothGattDescriptor.PERMISSION_WRITE, android.bluetooth.BluetoothGattDescriptor.PERMISSION_READ_ENCRYPTED, android.bluetooth.BluetoothGattDescriptor.PERMISSION_WRITE_ENCRYPTED, android.bluetooth.BluetoothGattDescriptor.PERMISSION_READ_ENCRYPTED_MITM, android.bluetooth.BluetoothGattDescriptor.PERMISSION_WRITE_ENCRYPTED_MITM, android.bluetooth.BluetoothGattDescriptor.PERMISSION_WRITE_SIGNED, android.bluetooth.BluetoothGattDescriptor.PERMISSION_WRITE_SIGNED_MITM}" />
    </annotation>
  </item>
  <item name="com.android.chileaf.bluetooth.connect.BleServerManager android.bluetooth.BluetoothGattDescriptor descriptor(java.util.UUID, int, com.android.chileaf.bluetooth.connect.data.Data) 1">
    <annotation name="androidx.annotation.IntDef">
      <val name="flag" val="true" />
      <val name="value" val="{android.bluetooth.BluetoothGattDescriptor.PERMISSION_READ, android.bluetooth.BluetoothGattDescriptor.PERMISSION_WRITE, android.bluetooth.BluetoothGattDescriptor.PERMISSION_READ_ENCRYPTED, android.bluetooth.BluetoothGattDescriptor.PERMISSION_WRITE_ENCRYPTED, android.bluetooth.BluetoothGattDescriptor.PERMISSION_READ_ENCRYPTED_MITM, android.bluetooth.BluetoothGattDescriptor.PERMISSION_WRITE_ENCRYPTED_MITM, android.bluetooth.BluetoothGattDescriptor.PERMISSION_WRITE_SIGNED, android.bluetooth.BluetoothGattDescriptor.PERMISSION_WRITE_SIGNED_MITM}" />
    </annotation>
  </item>
  <item name="com.android.chileaf.bluetooth.connect.BleServerManager android.bluetooth.BluetoothGattDescriptor sharedDescriptor(java.util.UUID, int, byte[]) 1">
    <annotation name="androidx.annotation.IntDef">
      <val name="flag" val="true" />
      <val name="value" val="{android.bluetooth.BluetoothGattDescriptor.PERMISSION_READ, android.bluetooth.BluetoothGattDescriptor.PERMISSION_WRITE, android.bluetooth.BluetoothGattDescriptor.PERMISSION_READ_ENCRYPTED, android.bluetooth.BluetoothGattDescriptor.PERMISSION_WRITE_ENCRYPTED, android.bluetooth.BluetoothGattDescriptor.PERMISSION_READ_ENCRYPTED_MITM, android.bluetooth.BluetoothGattDescriptor.PERMISSION_WRITE_ENCRYPTED_MITM, android.bluetooth.BluetoothGattDescriptor.PERMISSION_WRITE_SIGNED, android.bluetooth.BluetoothGattDescriptor.PERMISSION_WRITE_SIGNED_MITM}" />
    </annotation>
  </item>
  <item name="com.android.chileaf.bluetooth.connect.BleServerManager android.bluetooth.BluetoothGattDescriptor sharedDescriptor(java.util.UUID, int, com.android.chileaf.bluetooth.connect.data.Data) 1">
    <annotation name="androidx.annotation.IntDef">
      <val name="flag" val="true" />
      <val name="value" val="{android.bluetooth.BluetoothGattDescriptor.PERMISSION_READ, android.bluetooth.BluetoothGattDescriptor.PERMISSION_WRITE, android.bluetooth.BluetoothGattDescriptor.PERMISSION_READ_ENCRYPTED, android.bluetooth.BluetoothGattDescriptor.PERMISSION_WRITE_ENCRYPTED, android.bluetooth.BluetoothGattDescriptor.PERMISSION_READ_ENCRYPTED_MITM, android.bluetooth.BluetoothGattDescriptor.PERMISSION_WRITE_ENCRYPTED_MITM, android.bluetooth.BluetoothGattDescriptor.PERMISSION_WRITE_SIGNED, android.bluetooth.BluetoothGattDescriptor.PERMISSION_WRITE_SIGNED_MITM}" />
    </annotation>
  </item>
  <item name="com.android.chileaf.bluetooth.connect.ConnectRequest com.android.chileaf.bluetooth.connect.ConnectRequest usePreferredPhy(int) 0">
    <annotation name="androidx.annotation.IntDef">
      <val name="flag" val="true" />
      <val name="value" val="{com.android.chileaf.bluetooth.connect.PhyRequest.PHY_LE_1M_MASK, com.android.chileaf.bluetooth.connect.PhyRequest.PHY_LE_2M_MASK, com.android.chileaf.bluetooth.connect.PhyRequest.PHY_LE_CODED_MASK}" />
    </annotation>
  </item>
  <item name="com.android.chileaf.bluetooth.connect.ConnectRequest int getPreferredPhy()">
    <annotation name="androidx.annotation.IntDef">
      <val name="flag" val="true" />
      <val name="value" val="{com.android.chileaf.bluetooth.connect.PhyRequest.PHY_LE_1M_MASK, com.android.chileaf.bluetooth.connect.PhyRequest.PHY_LE_2M_MASK, com.android.chileaf.bluetooth.connect.PhyRequest.PHY_LE_CODED_MASK}" />
    </annotation>
  </item>
  <item name="com.android.chileaf.bluetooth.connect.ConnectRequest preferredPhy">
    <annotation name="androidx.annotation.IntDef">
      <val name="flag" val="true" />
      <val name="value" val="{com.android.chileaf.bluetooth.connect.PhyRequest.PHY_LE_1M_MASK, com.android.chileaf.bluetooth.connect.PhyRequest.PHY_LE_2M_MASK, com.android.chileaf.bluetooth.connect.PhyRequest.PHY_LE_CODED_MASK}" />
    </annotation>
  </item>
  <item name="com.android.chileaf.bluetooth.connect.ConnectionPriorityRequest ConnectionPriorityRequest(com.android.chileaf.bluetooth.connect.Request.Type, int) 1">
    <annotation name="androidx.annotation.IntDef">
      <val name="value" val="{com.android.chileaf.bluetooth.connect.ConnectionPriorityRequest.CONNECTION_PRIORITY_BALANCED, com.android.chileaf.bluetooth.connect.ConnectionPriorityRequest.CONNECTION_PRIORITY_HIGH, com.android.chileaf.bluetooth.connect.ConnectionPriorityRequest.CONNECTION_PRIORITY_LOW_POWER}" />
    </annotation>
  </item>
  <item name="com.android.chileaf.bluetooth.connect.ConnectionPriorityRequest int getRequiredPriority()">
    <annotation name="androidx.annotation.IntDef">
      <val name="value" val="{com.android.chileaf.bluetooth.connect.ConnectionPriorityRequest.CONNECTION_PRIORITY_BALANCED, com.android.chileaf.bluetooth.connect.ConnectionPriorityRequest.CONNECTION_PRIORITY_HIGH, com.android.chileaf.bluetooth.connect.ConnectionPriorityRequest.CONNECTION_PRIORITY_LOW_POWER}" />
    </annotation>
  </item>
  <item name="com.android.chileaf.bluetooth.connect.PhyRequest PhyRequest(com.android.chileaf.bluetooth.connect.Request.Type, int, int, int) 1">
    <annotation name="androidx.annotation.IntDef">
      <val name="flag" val="true" />
      <val name="value" val="{com.android.chileaf.bluetooth.connect.PhyRequest.PHY_LE_1M_MASK, com.android.chileaf.bluetooth.connect.PhyRequest.PHY_LE_2M_MASK, com.android.chileaf.bluetooth.connect.PhyRequest.PHY_LE_CODED_MASK}" />
    </annotation>
  </item>
  <item name="com.android.chileaf.bluetooth.connect.PhyRequest PhyRequest(com.android.chileaf.bluetooth.connect.Request.Type, int, int, int) 2">
    <annotation name="androidx.annotation.IntDef">
      <val name="flag" val="true" />
      <val name="value" val="{com.android.chileaf.bluetooth.connect.PhyRequest.PHY_LE_1M_MASK, com.android.chileaf.bluetooth.connect.PhyRequest.PHY_LE_2M_MASK, com.android.chileaf.bluetooth.connect.PhyRequest.PHY_LE_CODED_MASK}" />
    </annotation>
  </item>
  <item name="com.android.chileaf.bluetooth.connect.PhyRequest PhyRequest(com.android.chileaf.bluetooth.connect.Request.Type, int, int, int) 3">
    <annotation name="androidx.annotation.IntDef">
      <val name="value" val="{com.android.chileaf.bluetooth.connect.PhyRequest.PHY_OPTION_NO_PREFERRED, com.android.chileaf.bluetooth.connect.PhyRequest.PHY_OPTION_S2, com.android.chileaf.bluetooth.connect.PhyRequest.PHY_OPTION_S8}" />
    </annotation>
  </item>
  <item name="com.android.chileaf.bluetooth.connect.PhyRequest int getPreferredPhyOptions()">
    <annotation name="androidx.annotation.IntDef">
      <val name="value" val="{com.android.chileaf.bluetooth.connect.PhyRequest.PHY_OPTION_NO_PREFERRED, com.android.chileaf.bluetooth.connect.PhyRequest.PHY_OPTION_S2, com.android.chileaf.bluetooth.connect.PhyRequest.PHY_OPTION_S8}" />
    </annotation>
  </item>
  <item name="com.android.chileaf.bluetooth.connect.PhyRequest int getPreferredRxPhy()">
    <annotation name="androidx.annotation.IntDef">
      <val name="flag" val="true" />
      <val name="value" val="{com.android.chileaf.bluetooth.connect.PhyRequest.PHY_LE_1M_MASK, com.android.chileaf.bluetooth.connect.PhyRequest.PHY_LE_2M_MASK, com.android.chileaf.bluetooth.connect.PhyRequest.PHY_LE_CODED_MASK}" />
    </annotation>
  </item>
  <item name="com.android.chileaf.bluetooth.connect.PhyRequest int getPreferredTxPhy()">
    <annotation name="androidx.annotation.IntDef">
      <val name="flag" val="true" />
      <val name="value" val="{com.android.chileaf.bluetooth.connect.PhyRequest.PHY_LE_1M_MASK, com.android.chileaf.bluetooth.connect.PhyRequest.PHY_LE_2M_MASK, com.android.chileaf.bluetooth.connect.PhyRequest.PHY_LE_CODED_MASK}" />
    </annotation>
  </item>
  <item name="com.android.chileaf.bluetooth.connect.PhyRequest void notifyPhyChanged(android.bluetooth.BluetoothDevice, int, int) 1">
    <annotation name="androidx.annotation.IntDef">
      <val name="value" val="{com.android.chileaf.bluetooth.connect.callback.PhyCallback.PHY_LE_1M, com.android.chileaf.bluetooth.connect.callback.PhyCallback.PHY_LE_2M, com.android.chileaf.bluetooth.connect.callback.PhyCallback.PHY_LE_CODED}" />
    </annotation>
  </item>
  <item name="com.android.chileaf.bluetooth.connect.PhyRequest void notifyPhyChanged(android.bluetooth.BluetoothDevice, int, int) 2">
    <annotation name="androidx.annotation.IntDef">
      <val name="value" val="{com.android.chileaf.bluetooth.connect.callback.PhyCallback.PHY_LE_1M, com.android.chileaf.bluetooth.connect.callback.PhyCallback.PHY_LE_2M, com.android.chileaf.bluetooth.connect.callback.PhyCallback.PHY_LE_CODED}" />
    </annotation>
  </item>
  <item name="com.android.chileaf.bluetooth.connect.Request com.android.chileaf.bluetooth.connect.ConnectionPriorityRequest newConnectionPriorityRequest(int) 0">
    <annotation name="androidx.annotation.IntDef">
      <val name="value" val="{com.android.chileaf.bluetooth.connect.ConnectionPriorityRequest.CONNECTION_PRIORITY_BALANCED, com.android.chileaf.bluetooth.connect.ConnectionPriorityRequest.CONNECTION_PRIORITY_HIGH, com.android.chileaf.bluetooth.connect.ConnectionPriorityRequest.CONNECTION_PRIORITY_LOW_POWER}" />
    </annotation>
  </item>
  <item name="com.android.chileaf.bluetooth.connect.Request com.android.chileaf.bluetooth.connect.PhyRequest newSetPreferredPhyRequest(int, int, int) 0">
    <annotation name="androidx.annotation.IntDef">
      <val name="flag" val="true" />
      <val name="value" val="{com.android.chileaf.bluetooth.connect.PhyRequest.PHY_LE_1M_MASK, com.android.chileaf.bluetooth.connect.PhyRequest.PHY_LE_2M_MASK, com.android.chileaf.bluetooth.connect.PhyRequest.PHY_LE_CODED_MASK}" />
    </annotation>
  </item>
  <item name="com.android.chileaf.bluetooth.connect.Request com.android.chileaf.bluetooth.connect.PhyRequest newSetPreferredPhyRequest(int, int, int) 1">
    <annotation name="androidx.annotation.IntDef">
      <val name="flag" val="true" />
      <val name="value" val="{com.android.chileaf.bluetooth.connect.PhyRequest.PHY_LE_1M_MASK, com.android.chileaf.bluetooth.connect.PhyRequest.PHY_LE_2M_MASK, com.android.chileaf.bluetooth.connect.PhyRequest.PHY_LE_CODED_MASK}" />
    </annotation>
  </item>
  <item name="com.android.chileaf.bluetooth.connect.Request com.android.chileaf.bluetooth.connect.PhyRequest newSetPreferredPhyRequest(int, int, int) 2">
    <annotation name="androidx.annotation.IntDef">
      <val name="value" val="{com.android.chileaf.bluetooth.connect.PhyRequest.PHY_OPTION_NO_PREFERRED, com.android.chileaf.bluetooth.connect.PhyRequest.PHY_OPTION_S2, com.android.chileaf.bluetooth.connect.PhyRequest.PHY_OPTION_S8}" />
    </annotation>
  </item>
  <item name="com.android.chileaf.bluetooth.connect.Request com.android.chileaf.bluetooth.connect.WriteRequest newWriteRequest(android.bluetooth.BluetoothGattCharacteristic, byte[], int) 2">
    <annotation name="androidx.annotation.IntDef">
      <val name="value" val="{android.bluetooth.BluetoothGattCharacteristic.WRITE_TYPE_DEFAULT, android.bluetooth.BluetoothGattCharacteristic.WRITE_TYPE_NO_RESPONSE, android.bluetooth.BluetoothGattCharacteristic.WRITE_TYPE_SIGNED}" />
    </annotation>
  </item>
  <item name="com.android.chileaf.bluetooth.connect.Request com.android.chileaf.bluetooth.connect.WriteRequest newWriteRequest(android.bluetooth.BluetoothGattCharacteristic, byte[], int, int, int) 4">
    <annotation name="androidx.annotation.IntDef">
      <val name="value" val="{android.bluetooth.BluetoothGattCharacteristic.WRITE_TYPE_DEFAULT, android.bluetooth.BluetoothGattCharacteristic.WRITE_TYPE_NO_RESPONSE, android.bluetooth.BluetoothGattCharacteristic.WRITE_TYPE_SIGNED}" />
    </annotation>
  </item>
  <item name="com.android.chileaf.bluetooth.connect.WriteRequest WriteRequest(com.android.chileaf.bluetooth.connect.Request.Type, android.bluetooth.BluetoothGattCharacteristic, byte[], int, int, int) 5">
    <annotation name="androidx.annotation.IntDef">
      <val name="value" val="{android.bluetooth.BluetoothGattCharacteristic.WRITE_TYPE_DEFAULT, android.bluetooth.BluetoothGattCharacteristic.WRITE_TYPE_NO_RESPONSE, android.bluetooth.BluetoothGattCharacteristic.WRITE_TYPE_SIGNED}" />
    </annotation>
  </item>
  <item name="com.android.chileaf.bluetooth.connect.WriteRequest int getWriteType()">
    <annotation name="androidx.annotation.IntDef">
      <val name="value" val="{android.bluetooth.BluetoothGattCharacteristic.WRITE_TYPE_DEFAULT, android.bluetooth.BluetoothGattCharacteristic.WRITE_TYPE_NO_RESPONSE, android.bluetooth.BluetoothGattCharacteristic.WRITE_TYPE_SIGNED}" />
    </annotation>
  </item>
</root>

