<?xml version="1.0" encoding="UTF-8"?>
<root>
  <item name="com.android.chileaf.bluetooth.connect.annotation.BondState">
    <annotation name="androidx.annotation.IntDef">
      <val name="value" val="{android.bluetooth.BluetoothDevice.BOND_NONE, android.bluetooth.BluetoothDevice.BOND_BONDING, android.bluetooth.BluetoothDevice.BOND_BONDED}" />
    </annotation>
  </item>
  <item name="com.android.chileaf.bluetooth.connect.annotation.CharacteristicPermissions">
    <annotation name="androidx.annotation.IntDef">
      <val name="flag" val="true" />
      <val name="value" val="{android.bluetooth.BluetoothGattCharacteristic.PERMISSION_READ, android.bluetooth.BluetoothGattCharacteristic.PERMISSION_WRITE, android.bluetooth.BluetoothGattCharacteristic.PERMISSION_READ_ENCRYPTED, android.bluetooth.BluetoothGattCharacteristic.PERMISSION_WRITE_ENCRYPTED, android.bluetooth.BluetoothGattCharacteristic.PERMISSION_READ_ENCRYPTED_MITM, android.bluetooth.BluetoothGattCharacteristic.PERMISSION_WRITE_ENCRYPTED_MITM, android.bluetooth.BluetoothGattCharacteristic.PERMISSION_WRITE_SIGNED, android.bluetooth.BluetoothGattCharacteristic.PERMISSION_WRITE_SIGNED_MITM}" />
    </annotation>
  </item>
  <item name="com.android.chileaf.bluetooth.connect.annotation.CharacteristicProperties">
    <annotation name="androidx.annotation.IntDef">
      <val name="flag" val="true" />
      <val name="value" val="{android.bluetooth.BluetoothGattCharacteristic.PROPERTY_READ, android.bluetooth.BluetoothGattCharacteristic.PROPERTY_WRITE, android.bluetooth.BluetoothGattCharacteristic.PROPERTY_WRITE_NO_RESPONSE, android.bluetooth.BluetoothGattCharacteristic.PROPERTY_NOTIFY, android.bluetooth.BluetoothGattCharacteristic.PROPERTY_INDICATE, android.bluetooth.BluetoothGattCharacteristic.PROPERTY_EXTENDED_PROPS, android.bluetooth.BluetoothGattCharacteristic.PROPERTY_SIGNED_WRITE, android.bluetooth.BluetoothGattCharacteristic.PROPERTY_BROADCAST}" />
    </annotation>
  </item>
  <item name="com.android.chileaf.bluetooth.connect.annotation.ConnectionPriority">
    <annotation name="androidx.annotation.IntDef">
      <val name="value" val="{com.android.chileaf.bluetooth.connect.ConnectionPriorityRequest.CONNECTION_PRIORITY_BALANCED, com.android.chileaf.bluetooth.connect.ConnectionPriorityRequest.CONNECTION_PRIORITY_HIGH, com.android.chileaf.bluetooth.connect.ConnectionPriorityRequest.CONNECTION_PRIORITY_LOW_POWER}" />
    </annotation>
  </item>
  <item name="com.android.chileaf.bluetooth.connect.annotation.ConnectionState">
    <annotation name="androidx.annotation.IntDef">
      <val name="value" val="{android.bluetooth.BluetoothProfile.STATE_DISCONNECTED, android.bluetooth.BluetoothProfile.STATE_CONNECTING, android.bluetooth.BluetoothProfile.STATE_CONNECTED, android.bluetooth.BluetoothProfile.STATE_DISCONNECTING}" />
    </annotation>
  </item>
  <item name="com.android.chileaf.bluetooth.connect.annotation.DescriptorPermissions">
    <annotation name="androidx.annotation.IntDef">
      <val name="flag" val="true" />
      <val name="value" val="{android.bluetooth.BluetoothGattDescriptor.PERMISSION_READ, android.bluetooth.BluetoothGattDescriptor.PERMISSION_WRITE, android.bluetooth.BluetoothGattDescriptor.PERMISSION_READ_ENCRYPTED, android.bluetooth.BluetoothGattDescriptor.PERMISSION_WRITE_ENCRYPTED, android.bluetooth.BluetoothGattDescriptor.PERMISSION_READ_ENCRYPTED_MITM, android.bluetooth.BluetoothGattDescriptor.PERMISSION_WRITE_ENCRYPTED_MITM, android.bluetooth.BluetoothGattDescriptor.PERMISSION_WRITE_SIGNED, android.bluetooth.BluetoothGattDescriptor.PERMISSION_WRITE_SIGNED_MITM}" />
    </annotation>
  </item>
  <item name="com.android.chileaf.bluetooth.connect.annotation.PairingVariant">
    <annotation name="androidx.annotation.IntDef">
      <val name="value" val="{com.android.chileaf.bluetooth.connect.BleManager.PAIRING_VARIANT_PIN, com.android.chileaf.bluetooth.connect.BleManager.PAIRING_VARIANT_PASSKEY, com.android.chileaf.bluetooth.connect.BleManager.PAIRING_VARIANT_PASSKEY_CONFIRMATION, com.android.chileaf.bluetooth.connect.BleManager.PAIRING_VARIANT_CONSENT, com.android.chileaf.bluetooth.connect.BleManager.PAIRING_VARIANT_DISPLAY_PASSKEY, com.android.chileaf.bluetooth.connect.BleManager.PAIRING_VARIANT_DISPLAY_PIN, com.android.chileaf.bluetooth.connect.BleManager.PAIRING_VARIANT_OOB_CONSENT}" />
    </annotation>
  </item>
  <item name="com.android.chileaf.bluetooth.connect.annotation.PhyMask">
    <annotation name="androidx.annotation.IntDef">
      <val name="flag" val="true" />
      <val name="value" val="{com.android.chileaf.bluetooth.connect.PhyRequest.PHY_LE_1M_MASK, com.android.chileaf.bluetooth.connect.PhyRequest.PHY_LE_2M_MASK, com.android.chileaf.bluetooth.connect.PhyRequest.PHY_LE_CODED_MASK}" />
    </annotation>
  </item>
  <item name="com.android.chileaf.bluetooth.connect.annotation.PhyOption">
    <annotation name="androidx.annotation.IntDef">
      <val name="value" val="{com.android.chileaf.bluetooth.connect.PhyRequest.PHY_OPTION_NO_PREFERRED, com.android.chileaf.bluetooth.connect.PhyRequest.PHY_OPTION_S2, com.android.chileaf.bluetooth.connect.PhyRequest.PHY_OPTION_S8}" />
    </annotation>
  </item>
  <item name="com.android.chileaf.bluetooth.connect.annotation.PhyValue">
    <annotation name="androidx.annotation.IntDef">
      <val name="value" val="{com.android.chileaf.bluetooth.connect.callback.PhyCallback.PHY_LE_1M, com.android.chileaf.bluetooth.connect.callback.PhyCallback.PHY_LE_2M, com.android.chileaf.bluetooth.connect.callback.PhyCallback.PHY_LE_CODED}" />
    </annotation>
  </item>
  <item name="com.android.chileaf.bluetooth.connect.annotation.WriteType">
    <annotation name="androidx.annotation.IntDef">
      <val name="value" val="{android.bluetooth.BluetoothGattCharacteristic.WRITE_TYPE_DEFAULT, android.bluetooth.BluetoothGattCharacteristic.WRITE_TYPE_NO_RESPONSE, android.bluetooth.BluetoothGattCharacteristic.WRITE_TYPE_SIGNED}" />
    </annotation>
  </item>
</root>

