<?xml version="1.0" encoding="UTF-8"?>
<root>
  <item name="com.android.chileaf.fitness.callback.WearReceivedDataCallback void clearType(int) 0">
    <annotation name="androidx.annotation.IntDef">
      <val name="value" val="{com.android.chileaf.fitness.callback.WearReceivedDataCallback.TYPE_SPORT, com.android.chileaf.fitness.callback.WearReceivedDataCallback.TYPE_HEART, com.android.chileaf.fitness.callback.WearReceivedDataCallback.TYPE_HEARTS, com.android.chileaf.fitness.callback.WearReceivedDataCallback.TYPE_HEART_RR, com.android.chileaf.fitness.callback.WearReceivedDataCallback.TYPE_HEART_RRS, com.android.chileaf.fitness.callback.WearReceivedDataCallback.TYPE_INTERVAL, com.android.chileaf.fitness.callback.WearReceivedDataCallback.TYPE_SINGLE_TAP}" />
    </annotation>
  </item>
  <item name="com.android.chileaf.fitness.callback.WearReceivedDataCallback.DataType">
    <annotation name="androidx.annotation.IntDef">
      <val name="value" val="{com.android.chileaf.fitness.callback.WearReceivedDataCallback.TYPE_SPORT, com.android.chileaf.fitness.callback.WearReceivedDataCallback.TYPE_HEART, com.android.chileaf.fitness.callback.WearReceivedDataCallback.TYPE_HEARTS, com.android.chileaf.fitness.callback.WearReceivedDataCallback.TYPE_HEART_RR, com.android.chileaf.fitness.callback.WearReceivedDataCallback.TYPE_HEART_RRS, com.android.chileaf.fitness.callback.WearReceivedDataCallback.TYPE_INTERVAL, com.android.chileaf.fitness.callback.WearReceivedDataCallback.TYPE_SINGLE_TAP}" />
    </annotation>
  </item>
</root>

