<?xml version="1.0" encoding="UTF-8"?>
<root>
  <item name="com.android.chileaf.bluetooth.connect.response.PhyResult int getRxPhy()">
    <annotation name="androidx.annotation.IntDef">
      <val name="value" val="{com.android.chileaf.bluetooth.connect.callback.PhyCallback.PHY_LE_1M, com.android.chileaf.bluetooth.connect.callback.PhyCallback.PHY_LE_2M, com.android.chileaf.bluetooth.connect.callback.PhyCallback.PHY_LE_CODED}" />
    </annotation>
  </item>
  <item name="com.android.chileaf.bluetooth.connect.response.PhyResult int getTxPhy()">
    <annotation name="androidx.annotation.IntDef">
      <val name="value" val="{com.android.chileaf.bluetooth.connect.callback.PhyCallback.PHY_LE_1M, com.android.chileaf.bluetooth.connect.callback.PhyCallback.PHY_LE_2M, com.android.chileaf.bluetooth.connect.callback.PhyCallback.PHY_LE_CODED}" />
    </annotation>
  </item>
  <item name="com.android.chileaf.bluetooth.connect.response.PhyResult rxPhy">
    <annotation name="androidx.annotation.IntDef">
      <val name="value" val="{com.android.chileaf.bluetooth.connect.callback.PhyCallback.PHY_LE_1M, com.android.chileaf.bluetooth.connect.callback.PhyCallback.PHY_LE_2M, com.android.chileaf.bluetooth.connect.callback.PhyCallback.PHY_LE_CODED}" />
    </annotation>
  </item>
  <item name="com.android.chileaf.bluetooth.connect.response.PhyResult txPhy">
    <annotation name="androidx.annotation.IntDef">
      <val name="value" val="{com.android.chileaf.bluetooth.connect.callback.PhyCallback.PHY_LE_1M, com.android.chileaf.bluetooth.connect.callback.PhyCallback.PHY_LE_2M, com.android.chileaf.bluetooth.connect.callback.PhyCallback.PHY_LE_CODED}" />
    </annotation>
  </item>
  <item name="com.android.chileaf.bluetooth.connect.response.PhyResult void onPhyChanged(android.bluetooth.BluetoothDevice, int, int) 1">
    <annotation name="androidx.annotation.IntDef">
      <val name="value" val="{com.android.chileaf.bluetooth.connect.callback.PhyCallback.PHY_LE_1M, com.android.chileaf.bluetooth.connect.callback.PhyCallback.PHY_LE_2M, com.android.chileaf.bluetooth.connect.callback.PhyCallback.PHY_LE_CODED}" />
    </annotation>
  </item>
  <item name="com.android.chileaf.bluetooth.connect.response.PhyResult void onPhyChanged(android.bluetooth.BluetoothDevice, int, int) 2">
    <annotation name="androidx.annotation.IntDef">
      <val name="value" val="{com.android.chileaf.bluetooth.connect.callback.PhyCallback.PHY_LE_1M, com.android.chileaf.bluetooth.connect.callback.PhyCallback.PHY_LE_2M, com.android.chileaf.bluetooth.connect.callback.PhyCallback.PHY_LE_CODED}" />
    </annotation>
  </item>
</root>

