<?xml version="1.0" encoding="UTF-8"?>
<root>
  <item name="com.android.chileaf.fitness.common.heart.BodySensorLocation">
    <annotation name="androidx.annotation.IntDef">
      <val name="value" val="{com.android.chileaf.fitness.common.heart.BodySensorLocationCallback.SENSOR_LOCATION_OTHER, com.android.chileaf.fitness.common.heart.BodySensorLocationCallback.SENSOR_LOCATION_CHEST, com.android.chileaf.fitness.common.heart.BodySensorLocationCallback.SENSOR_LOCATION_WRIST, com.android.chileaf.fitness.common.heart.BodySensorLocationCallback.SENSOR_LOCATION_FINGER, com.android.chileaf.fitness.common.heart.BodySensorLocationCallback.SENSOR_LOCATION_HAND, com.android.chileaf.fitness.common.heart.BodySensorLocationCallback.SENSOR_LOCATION_EAR_LOBE, com.android.chileaf.fitness.common.heart.BodySensorLocationCallback.SENSOR_LOCATION_FOOT}" />
    </annotation>
  </item>
  <item name="com.android.chileaf.fitness.common.heart.BodySensorLocationCallback void onBodySensorLocationReceived(android.bluetooth.BluetoothDevice, int) 1">
    <annotation name="androidx.annotation.IntDef">
      <val name="value" val="{com.android.chileaf.fitness.common.heart.BodySensorLocationCallback.SENSOR_LOCATION_OTHER, com.android.chileaf.fitness.common.heart.BodySensorLocationCallback.SENSOR_LOCATION_CHEST, com.android.chileaf.fitness.common.heart.BodySensorLocationCallback.SENSOR_LOCATION_WRIST, com.android.chileaf.fitness.common.heart.BodySensorLocationCallback.SENSOR_LOCATION_FINGER, com.android.chileaf.fitness.common.heart.BodySensorLocationCallback.SENSOR_LOCATION_HAND, com.android.chileaf.fitness.common.heart.BodySensorLocationCallback.SENSOR_LOCATION_EAR_LOBE, com.android.chileaf.fitness.common.heart.BodySensorLocationCallback.SENSOR_LOCATION_FOOT}" />
    </annotation>
  </item>
</root>

