<?xml version="1.0" encoding="UTF-8"?>
<root>
  <item name="com.android.chileaf.bluetooth.connect.data.Data int getTypeLen(int) 0">
    <annotation name="androidx.annotation.IntDef">
      <val name="value" val="{com.android.chileaf.bluetooth.connect.data.Data.FORMAT_UINT8, com.android.chileaf.bluetooth.connect.data.Data.FORMAT_UINT16, com.android.chileaf.bluetooth.connect.data.Data.FORMAT_UINT24, com.android.chileaf.bluetooth.connect.data.Data.FORMAT_UINT32, com.android.chileaf.bluetooth.connect.data.Data.FORMAT_SINT8, com.android.chileaf.bluetooth.connect.data.Data.FORMAT_SINT16, com.android.chileaf.bluetooth.connect.data.Data.FORMAT_SINT24, com.android.chileaf.bluetooth.connect.data.Data.FORMAT_SINT32, com.android.chileaf.bluetooth.connect.data.Data.FORMAT_FLOAT, com.android.chileaf.bluetooth.connect.data.Data.FORMAT_SFLOAT}" />
    </annotation>
  </item>
  <item name="com.android.chileaf.bluetooth.connect.data.Data java.lang.Float getFloatValue(int, int) 0">
    <annotation name="androidx.annotation.IntDef">
      <val name="value" val="{com.android.chileaf.bluetooth.connect.data.Data.FORMAT_FLOAT, com.android.chileaf.bluetooth.connect.data.Data.FORMAT_SFLOAT}" />
    </annotation>
  </item>
  <item name="com.android.chileaf.bluetooth.connect.data.Data java.lang.Integer getIntValue(int, int) 0">
    <annotation name="androidx.annotation.IntDef">
      <val name="value" val="{com.android.chileaf.bluetooth.connect.data.Data.FORMAT_UINT8, com.android.chileaf.bluetooth.connect.data.Data.FORMAT_UINT16, com.android.chileaf.bluetooth.connect.data.Data.FORMAT_UINT24, com.android.chileaf.bluetooth.connect.data.Data.FORMAT_UINT32, com.android.chileaf.bluetooth.connect.data.Data.FORMAT_SINT8, com.android.chileaf.bluetooth.connect.data.Data.FORMAT_SINT16, com.android.chileaf.bluetooth.connect.data.Data.FORMAT_SINT24, com.android.chileaf.bluetooth.connect.data.Data.FORMAT_SINT32}" />
    </annotation>
  </item>
  <item name="com.android.chileaf.bluetooth.connect.data.Data java.lang.Long getLongValue(int, int) 0">
    <annotation name="androidx.annotation.IntDef">
      <val name="value" val="{com.android.chileaf.bluetooth.connect.data.Data.FORMAT_UINT32, com.android.chileaf.bluetooth.connect.data.Data.FORMAT_SINT32}" />
    </annotation>
  </item>
  <item name="com.android.chileaf.bluetooth.connect.data.Data.FloatFormat">
    <annotation name="androidx.annotation.IntDef">
      <val name="value" val="{com.android.chileaf.bluetooth.connect.data.Data.FORMAT_FLOAT, com.android.chileaf.bluetooth.connect.data.Data.FORMAT_SFLOAT}" />
    </annotation>
  </item>
  <item name="com.android.chileaf.bluetooth.connect.data.Data.IntFormat">
    <annotation name="androidx.annotation.IntDef">
      <val name="value" val="{com.android.chileaf.bluetooth.connect.data.Data.FORMAT_UINT8, com.android.chileaf.bluetooth.connect.data.Data.FORMAT_UINT16, com.android.chileaf.bluetooth.connect.data.Data.FORMAT_UINT24, com.android.chileaf.bluetooth.connect.data.Data.FORMAT_UINT32, com.android.chileaf.bluetooth.connect.data.Data.FORMAT_SINT8, com.android.chileaf.bluetooth.connect.data.Data.FORMAT_SINT16, com.android.chileaf.bluetooth.connect.data.Data.FORMAT_SINT24, com.android.chileaf.bluetooth.connect.data.Data.FORMAT_SINT32}" />
    </annotation>
  </item>
  <item name="com.android.chileaf.bluetooth.connect.data.Data.LongFormat">
    <annotation name="androidx.annotation.IntDef">
      <val name="value" val="{com.android.chileaf.bluetooth.connect.data.Data.FORMAT_UINT32, com.android.chileaf.bluetooth.connect.data.Data.FORMAT_SINT32}" />
    </annotation>
  </item>
  <item name="com.android.chileaf.bluetooth.connect.data.Data.ValueFormat">
    <annotation name="androidx.annotation.IntDef">
      <val name="value" val="{com.android.chileaf.bluetooth.connect.data.Data.FORMAT_UINT8, com.android.chileaf.bluetooth.connect.data.Data.FORMAT_UINT16, com.android.chileaf.bluetooth.connect.data.Data.FORMAT_UINT24, com.android.chileaf.bluetooth.connect.data.Data.FORMAT_UINT32, com.android.chileaf.bluetooth.connect.data.Data.FORMAT_SINT8, com.android.chileaf.bluetooth.connect.data.Data.FORMAT_SINT16, com.android.chileaf.bluetooth.connect.data.Data.FORMAT_SINT24, com.android.chileaf.bluetooth.connect.data.Data.FORMAT_SINT32, com.android.chileaf.bluetooth.connect.data.Data.FORMAT_FLOAT, com.android.chileaf.bluetooth.connect.data.Data.FORMAT_SFLOAT}" />
    </annotation>
  </item>
  <item name="com.android.chileaf.bluetooth.connect.data.MutableData boolean setValue(float, int, int) 1">
    <annotation name="androidx.annotation.IntDef">
      <val name="value" val="{com.android.chileaf.bluetooth.connect.data.Data.FORMAT_FLOAT, com.android.chileaf.bluetooth.connect.data.Data.FORMAT_SFLOAT}" />
    </annotation>
  </item>
  <item name="com.android.chileaf.bluetooth.connect.data.MutableData boolean setValue(int, int, int) 1">
    <annotation name="androidx.annotation.IntDef">
      <val name="value" val="{com.android.chileaf.bluetooth.connect.data.Data.FORMAT_UINT8, com.android.chileaf.bluetooth.connect.data.Data.FORMAT_UINT16, com.android.chileaf.bluetooth.connect.data.Data.FORMAT_UINT24, com.android.chileaf.bluetooth.connect.data.Data.FORMAT_UINT32, com.android.chileaf.bluetooth.connect.data.Data.FORMAT_SINT8, com.android.chileaf.bluetooth.connect.data.Data.FORMAT_SINT16, com.android.chileaf.bluetooth.connect.data.Data.FORMAT_SINT24, com.android.chileaf.bluetooth.connect.data.Data.FORMAT_SINT32}" />
    </annotation>
  </item>
  <item name="com.android.chileaf.bluetooth.connect.data.MutableData boolean setValue(int, int, int, int) 2">
    <annotation name="androidx.annotation.IntDef">
      <val name="value" val="{com.android.chileaf.bluetooth.connect.data.Data.FORMAT_FLOAT, com.android.chileaf.bluetooth.connect.data.Data.FORMAT_SFLOAT}" />
    </annotation>
  </item>
  <item name="com.android.chileaf.bluetooth.connect.data.MutableData boolean setValue(long, int, int) 1">
    <annotation name="androidx.annotation.IntDef">
      <val name="value" val="{com.android.chileaf.bluetooth.connect.data.Data.FORMAT_UINT32, com.android.chileaf.bluetooth.connect.data.Data.FORMAT_SINT32}" />
    </annotation>
  </item>
</root>

