<?xml version="1.0" encoding="UTF-8"?>
<root>
  <item name="com.android.chileaf.bluetooth.connect.utils.ParserUtils java.lang.String bondStateToString(int) 0">
    <annotation name="androidx.annotation.IntDef">
      <val name="value" val="{android.bluetooth.BluetoothDevice.BOND_NONE, android.bluetooth.BluetoothDevice.BOND_BONDING, android.bluetooth.BluetoothDevice.BOND_BONDED}" />
    </annotation>
  </item>
  <item name="com.android.chileaf.bluetooth.connect.utils.ParserUtils java.lang.String pairingVariantToString(int) 0">
    <annotation name="androidx.annotation.IntDef">
      <val name="value" val="{com.android.chileaf.bluetooth.connect.BleManager.PAIRING_VARIANT_PIN, com.android.chileaf.bluetooth.connect.BleManager.PAIRING_VARIANT_PASSKEY, com.android.chileaf.bluetooth.connect.BleManager.PAIRING_VARIANT_PASSKEY_CONFIRMATION, com.android.chileaf.bluetooth.connect.BleManager.PAIRING_VARIANT_CONSENT, com.android.chileaf.bluetooth.connect.BleManager.PAIRING_VARIANT_DISPLAY_PASSKEY, com.android.chileaf.bluetooth.connect.BleManager.PAIRING_VARIANT_DISPLAY_PIN, com.android.chileaf.bluetooth.connect.BleManager.PAIRING_VARIANT_OOB_CONSENT}" />
    </annotation>
  </item>
  <item name="com.android.chileaf.bluetooth.connect.utils.ParserUtils java.lang.String phyCodedOptionToString(int) 0">
    <annotation name="androidx.annotation.IntDef">
      <val name="value" val="{com.android.chileaf.bluetooth.connect.PhyRequest.PHY_OPTION_NO_PREFERRED, com.android.chileaf.bluetooth.connect.PhyRequest.PHY_OPTION_S2, com.android.chileaf.bluetooth.connect.PhyRequest.PHY_OPTION_S8}" />
    </annotation>
  </item>
  <item name="com.android.chileaf.bluetooth.connect.utils.ParserUtils java.lang.String phyMaskToString(int) 0">
    <annotation name="androidx.annotation.IntDef">
      <val name="flag" val="true" />
      <val name="value" val="{com.android.chileaf.bluetooth.connect.PhyRequest.PHY_LE_1M_MASK, com.android.chileaf.bluetooth.connect.PhyRequest.PHY_LE_2M_MASK, com.android.chileaf.bluetooth.connect.PhyRequest.PHY_LE_CODED_MASK}" />
    </annotation>
  </item>
  <item name="com.android.chileaf.bluetooth.connect.utils.ParserUtils java.lang.String phyToString(int) 0">
    <annotation name="androidx.annotation.IntDef">
      <val name="value" val="{com.android.chileaf.bluetooth.connect.callback.PhyCallback.PHY_LE_1M, com.android.chileaf.bluetooth.connect.callback.PhyCallback.PHY_LE_2M, com.android.chileaf.bluetooth.connect.callback.PhyCallback.PHY_LE_CODED}" />
    </annotation>
  </item>
  <item name="com.android.chileaf.bluetooth.connect.utils.ParserUtils java.lang.String stateToString(int) 0">
    <annotation name="androidx.annotation.IntDef">
      <val name="value" val="{android.bluetooth.BluetoothProfile.STATE_DISCONNECTED, android.bluetooth.BluetoothProfile.STATE_CONNECTING, android.bluetooth.BluetoothProfile.STATE_CONNECTED, android.bluetooth.BluetoothProfile.STATE_DISCONNECTING}" />
    </annotation>
  </item>
  <item name="com.android.chileaf.bluetooth.connect.utils.ParserUtils java.lang.String writeTypeToString(int) 0">
    <annotation name="androidx.annotation.IntDef">
      <val name="value" val="{android.bluetooth.BluetoothGattCharacteristic.WRITE_TYPE_DEFAULT, android.bluetooth.BluetoothGattCharacteristic.WRITE_TYPE_NO_RESPONSE, android.bluetooth.BluetoothGattCharacteristic.WRITE_TYPE_SIGNED}" />
    </annotation>
  </item>
</root>

